{
    "FOLIO": {
        "EM": 0.5369458128078818
    },
    "LogiQA_v2": {
        "EM": 0.609
    },
    "Reclor": {
        "EM": 0.566
    },
    "logiqa-zh": {
        "EM": 0.43317972350230416
    }
}