{
    "FOLIO": {
        "EM": 0.5123152709359606
    },
    "LogiQA_v2": {
        "EM": 0.571
    },
    "Reclor": {
        "EM": 0.57
    },
    "logiqa-zh": {
        "EM": 0.42242703533026116
    }
}