{
    "FOLIO": {
        "EM": 0.49261083743842365
    },
    "LogiQA_v2": {
        "EM": 0.552
    },
    "Reclor": {
        "EM": 0.532
    },
    "logiqa-zh": {
        "EM": 0.423963133640553
    }
}