{
    "FOLIO": {
        "EM": 0.2857142857142857
    },
    "LogiQA_v2": {
        "EM": 0.382
    },
    "Reclor": {
        "EM": 0.616
    },
    "logiqa-zh": {
        "EM": 0.2350230414746544
    }
}