{
    "FOLIO": {
        "EM": 0.2413793103448276
    },
    "LogiQA_v2": {
        "EM": 0.384
    },
    "Reclor": {
        "EM": 0.594
    },
    "logiqa-zh": {
        "EM": 0.19047619047619047
    }
}