{
    "FOLIO": {
        "EM": 0.1477832512315271
    },
    "LogiQA_v2": {
        "EM": 0.314
    },
    "Reclor": {
        "EM": 0.392
    },
    "logiqa-zh": {
        "EM": 0.19969278033794163
    }
}