{
    "FOLIO": {
        "EM": 0.6551724137931034
    },
    "LogiQA_v2": {
        "EM": 0.685
    },
    "Reclor": {
        "EM": 0.77
    },
    "logiqa-zh": {
        "EM": 0.5422427035330261
    }
}