{
    "FOLIO": {
        "EM": 0.6354679802955665
    },
    "LogiQA_v2": {
        "EM": 0.668
    },
    "Reclor": {
        "EM": 0.754
    },
    "logiqa-zh": {
        "EM": 0.5253456221198156
    }
}