{
    "FOLIO": {
        "EM": 0.645320197044335
    },
    "LogiQA_v2": {
        "EM": 0.66
    },
    "Reclor": {
        "EM": 0.762
    },
    "logiqa-zh": {
        "EM": 0.5345622119815668
    }
}