{
    "FOLIO": {
        "EM": 0.6403940886699507
    },
    "LogiQA_v2": {
        "EM": 0.678
    },
    "Reclor": {
        "EM": 0.754
    },
    "logiqa-zh": {
        "EM": 0.5422427035330261
    }
}