{
    "FOLIO": {
        "EM": 0.6403940886699507
    },
    "LogiQA_v2": {
        "EM": 0.674
    },
    "Reclor": {
        "EM": 0.76
    },
    "logiqa-zh": {
        "EM": 0.5284178187403994
    }
}