{
    "FOLIO": {
        "EM": 0.5960591133004927
    },
    "LogiQA_v2": {
        "EM": 0.636
    },
    "Reclor": {
        "EM": 0.746
    },
    "logiqa-zh": {
        "EM": 0.5284178187403994
    }
}