{
    "FOLIO": {
        "EM": 0.6009852216748769
    },
    "LogiQA_v2": {
        "EM": 0.656
    },
    "Reclor": {
        "EM": 0.742
    },
    "logiqa-zh": {
        "EM": 0.5391705069124424
    }
}