{
    "FOLIO": {
        "EM": 0.6798029556650246
    },
    "LogiQA_v2": {
        "EM": 0.656
    },
    "Reclor": {
        "EM": 0.736
    },
    "logiqa-zh": {
        "EM": 0.511520737327189 
    }
}