{
    "FOLIO": {
        "EM": 0.645320197044335
    },
    "LogiQA_v2": {
        "EM": 0.644
    },
    "Reclor": {
        "EM": 0.762
    },
    "logiqa-zh": {
        "EM": 0.5253456221198156
    }
}