{
    "FOLIO": {
        "EM": 0.4187192118226601
    },
    "LogiQA_v2": {
        "EM": 0.557
    },
    "Reclor": {
        "EM": 0.436
    },
    "logiqa-zh": {
        "EM": 0.4270353302611367
    }
}