{
    "FOLIO": {
        "EM": 0.4039408866995074
    },
    "LogiQA_v2": {
        "EM": 0.533
    },
    "Reclor": {
        "EM": 0.422
    },
    "logiqa-zh": {
        "EM": 0.40860215053763443
    }
}