{
    "FOLIO": {
        "EM": 0.3694581280788177
    },
   "LogiQA_v2": {
        "EM": 0.526
    },
    "Reclor": {
        "EM": 0.404
    },
    "logiqa-zh": {
        "EM": 0.3548387096774194
    }
}