{
    "FOLIO": {
        "EM": 0.6551724137931034
    },
    "LogiQA_v2": {
        "EM": 0.658
    },
    "Reclor": {
        "EM": 0.744
    },
    "logiqa-zh": {
        "EM": 0.5099846390168971
    }
}