{
    "FOLIO": {
        "EM": 0.4876847290640394
    },
    "LogiQA_v2": {
        "EM": 0.522
    },
    "Reclor": {
        "EM": 0.57
    },
    "logiqa-zh": {
        "EM": 0.44153846153846155
    }
}