{
    "FOLIO": {
        "EM": 0.625615763546798
    },
    "LogiQA_v2": {
        "EM": 0.658
    },
    "Reclor": {
        "EM": 0.756
    },
    "logiqa-zh": {
        "EM": 0.5092307692307693
    }
}