{
    "FOLIO": {
        "EM": 0.6108374384236454
    },
    "LogiQA_v2": {
        "EM": 0.651
    },
    "Reclor": {
        "EM": 0.756
    },
    "logiqa-zh": {
        "EM": 0.5153846153846153
    }
}