{
    "FOLIO": {
        "EM": 0.645320197044335
    },
    "LogiQA_v2": {
        "EM": 0.651
    },
    "Reclor": {
        "EM": 0.74
    },
    "logiqa-zh": {
        "EM": 0.5268817204301075
    }
}