{
    "FOLIO": {
        "EM": 0.6059113300492611
    },
    "LogiQA_v2": {
        "EM": 0.646
    },
    "Reclor": {
        "EM": 0.746
    },
    "logiqa-zh": {
        "EM": 0.5360983102918587
    }
}