{
    "FOLIO": {
        "EM": 0.6896551724137931
    },
    "LogiQA_v2": {
        "EM": 0.666
    },
    "Reclor": {
        "EM": 0.756
    },
    "logiqa-zh": {
        "EM": 0.543778801843318
    }
}