{
    "FOLIO": {
        "EM": 0.6551724137931034
    },
    "LogiQA_v2": {
        "EM": 0.684
    },
    "Reclor": {
        "EM": 0.764
    },
    "logiqa-zh": {
        "EM": 0.543778801843318
    }
}