{
    "FOLIO": {
        "EM": 0.5812807881773399
    },
    "LogiQA_v2": {
        "EM": 0.644
    },
    "Reclor": {
        "EM": 0.736
    },
    "logiqa-zh": {
        "EM": 0.4969230769230769
    }
}