{
    "FOLIO": {
        "EM": 0.591133005
    },
    "LogiQA_v2": {
        "EM": 0.64
    },
    "Reclor": {
        "EM": 0.744
    },
    "logiqa-zh": {
        "EM": 0.507692308
    }
}