{
    "FOLIO": {
        "EM": 0.6305418719211823
    },
    "LogiQA_v2": {
        "EM": 0.643
    },
    "Reclor": {
        "EM": 0.754
    },
    "logiqa-zh": {
        "EM": 0.5276923076923077
    }
}